[
    {"column_name": "assign_course_id", "column_type": "int"},
    {"column_name": "user_id", "column_type": "int"},
    {"column_name": "course_id", "column_type": "int"},
    {"column_name": "assigned_by", "column_type": "int"},
    {"column_name": "instancecode", "column_type": "varchar"},
    {"column_name": "assigned_date", "column_type": "datetime"},
    {"column_name": "started_date", "column_type": "datetime"},
    {"column_name": "completed_date", "column_type": "datetime"},
    {"column_name": "due_date", "column_type": "datetime"},
]
