[
    {"column_name": "user_id", "column_type": "int"},
    {"column_name": "is_active", "column_type": "bool"},
    {"column_name": "first_name", "column_type": "varchar"},
    {"column_name": "last_name", "column_type": "varchar"},
    {"column_name": "email", "column_type": "varchar"},
    {"column_name": "address", "column_type": "varchar"},
    {"column_name": "phone", "column_type": "varchar"},
    {"column_name": "country", "column_type": "varchar"},
    {"column_name": "instancecode", "column_type": "varchar"},
    {"column_name": "created_stamp", "column_type": "datetime"},
]
