[{"TBL_COLUMN":"fldCustId","COL_TYPE":"int"},{"TBL_COLUMN":"fldUserId","COL_TYPE":"int"},{"TBL_COLUMN":"fldCustomerName","COL_TYPE":"varchar"},{"TBL_COLUMN":"fldCustomerFlag","COL_TYPE":"char"},{"TBL_COLUMN":"fldPasswordEncrMethod","COL_TYPE":"varchar"},{"TBL_COLUMN":"fldPasswordEncrKey","COL_TYPE":"varchar"},{"TBL_COLUMN":"fldAllowRegisterUs","COL_TYPE":"bit"},{"TBL_COLUMN":"fldIsEmpIdMandatory","COL_TYPE":"bit"},{"TBL_COLUMN":"fldDefURL","COL_TYPE":"char"},{"TBL_COLUMN":"fldDefaultLanguageId","COL_TYPE":"int"},{"TBL_COLUMN":"LogOutSetting","COL_TYPE":"varchar"},{"TBL_COLUMN":"LogOutURL","COL_TYPE":"varchar"},{"TBL_COLUMN":"fldisuse3customer","COL_TYPE":"char"},{"TBL_COLUMN":"fldmaxstudentlimit","COL_TYPE":"int"},{"TBL_COLUMN":"fldallowautomatedreports","COL_TYPE":"char"},{"TBL_COLUMN":"fldallowadminssl","COL_TYPE":"char"},{"TBL_COLUMN":"fldtimezoneid","COL_TYPE":"int"},{"TBL_COLUMN":"Obselete_fldAllowStudentToEditProfile","COL_TYPE":"char"},{"TBL_COLUMN":"Obselete_fldAllowStudentToChangeLanguage","COL_TYPE":"char"},{"TBL_COLUMN":"fldDisplayEmployeeIDas","COL_TYPE":"varchar"},{"TBL_COLUMN":"Obselete_fldAllowStudentToChangePassword","COL_TYPE":"char"},{"TBL_COLUMN":"Obselete_fldAllowStudentToChangeEmailID","COL_TYPE":"char"},{"TBL_COLUMN":"Obselete_fldAllowStudentToChangeEmpID","COL_TYPE":"char"},{"TBL_COLUMN":"charAllowInheritance","COL_TYPE":"char"},{"TBL_COLUMN":"charPrimaryKeyIdentifier","COL_TYPE":"char"},{"TBL_COLUMN":"strLftpLocation","COL_TYPE":"varchar"},{"TBL_COLUMN":"strUsername","COL_TYPE":"varchar"},{"TBL_COLUMN":"strPassword","COL_TYPE":"varchar"},{"TBL_COLUMN":"charAutomaticReminder_OLD","COL_TYPE":"char"},{"TBL_COLUMN":"charUserPastDueMandatory_OLD","COL_TYPE":"char"},{"TBL_COLUMN":"charUserPastDueOptional_OLD","COL_TYPE":"char"},{"TBL_COLUMN":"charManagerPastDueMandatory_OLD","COL_TYPE":"char"},{"TBL_COLUMN":"charManagerPastDueOptional_OLD","COL_TYPE":"char"},{"TBL_COLUMN":"charManagerIncompleteMandatory_OLD","COL_TYPE":"char"},{"TBL_COLUMN":"charManagerIncompleteOptional_OLD","COL
_TYPE":"char"},{"TBL_COLUMN":"charUserIncompleteMandatoryTraining_OLD","COL_TYPE":"char"},{"TBL_COLUMN":"charUserIncompleteOptionalTraining_OLD","COL_TYPE":"char"},{"TBL_COLUMN":"charRecurrenceType_OLD","COL_TYPE":"char"},{"TBL_COLUMN":"intStartTimeHour_OLD","COL_TYPE":"int"},{"TBL_COLUMN":"intStartTimeMinute_OLD","COL_TYPE":"int"},{"TBL_COLUMN":"charStartTimeAMPM_OLD","COL_TYPE":"char"},{"TBL_COLUMN":"dtmStartDate_OLD","COL_TYPE":"datetime"},{"TBL_COLUMN":"fldsupportEmailId","COL_TYPE":"varchar"},{"TBL_COLUMN":"fldsupportOption","COL_TYPE":"char"},{"TBL_COLUMN":"charMyReport","COL_TYPE":"char"},{"TBL_COLUMN":"intmaxcourses","COL_TYPE":"int"},{"TBL_COLUMN":"fldAllowDomain","COL_TYPE":"char"},{"TBL_COLUMN":"fldAllowLDAP","COL_TYPE":"char"},{"TBL_COLUMN":"IntLogRetentionPeriod","COL_TYPE":"int"},{"TBL_COLUMN":"CharUserEmailLog","COL_TYPE":"char"},{"TBL_COLUMN":"fldPasswordMethod","COL_TYPE":"varchar"},{"TBL_COLUMN":"fldSelfRegStudPass","COL_TYPE":"varchar"},{"TBL_COLUMN":"fldAutoResetonFailure","COL_TYPE":"char"},{"TBL_COLUMN":"fldHandleFailedCourses","COL_TYPE":"tinyint"},{"TBL_COLUMN":"Obsolete_intMinPasswordLength","COL_TYPE":"int"},{"TBL_COLUMN":"Obsolete_chrIsPasswordUniquenessRequired","COL_TYPE":"char"},{"TBL_COLUMN":"Obselete_CharManagerPermission","COL_TYPE":"char"},{"TBL_COLUMN":"charIsEmailIdMandatory","COL_TYPE":"char"},{"TBL_COLUMN":"charIsUserLoginWithEmailId","COL_TYPE":"char"},{"TBL_COLUMN":"charIsUserLoginWithEmployeeId","COL_TYPE":"char"},{"TBL_COLUMN":"charEcommerce","COL_TYPE":"char"},{"TBL_COLUMN":"charSelfRegEmailVerification","COL_TYPE":"char"},{"TBL_COLUMN":"fldAllowRegDivDepSelection","COL_TYPE":"char"},{"TBL_COLUMN":"Obselete_charAllowUserToChangeHireDate","COL_TYPE":"char"},{"TBL_COLUMN":"charCertificationCourseUnEnrollmentSetting","COL_TYPE":"char"},{"TBL_COLUMN":"strTheme","COL_TYPE":"varchar"},{"TBL_COLUMN":"strCustomName","COL_TYPE":"varchar"},{"TBL_COLUMN":"bitDisplayForgotPasswordLink","COL_TYPE":"bit"},{"TBL_COLUMN":"bitDisplayLanguageSelector","COL_TYPE":"bit"},{"TB
L_COLUMN":"Obselete_charAllowUserToChangeCompanyOrEmployer","COL_TYPE":"char"},{"TBL_COLUMN":"Obselete_charAlloUserToChangeTimeZone","COL_TYPE":"char"},{"TBL_COLUMN":"intFindUsersLimit","COL_TYPE":"int"},{"TBL_COLUMN":"bitILT","COL_TYPE":"bit"},{"TBL_COLUMN":"bitIncludeiCalendarILT_OLD","COL_TYPE":"bit"},{"TBL_COLUMN":"bitIncludeiCalendarWBT_OLD","COL_TYPE":"bit"},{"TBL_COLUMN":"intILTSessionsLimit","COL_TYPE":"int"},{"TBL_COLUMN":"SharedKey","COL_TYPE":"varchar"},{"TBL_COLUMN":"bitRequireUserToAgreeTermsService","COL_TYPE":"bit"},{"TBL_COLUMN":"intEditionID","COL_TYPE":"int"},{"TBL_COLUMN":"intAuthorCount","COL_TYPE":"int"},{"TBL_COLUMN":"intManagerCount","COL_TYPE":"int"},{"TBL_COLUMN":"intOrgAdminCount","COL_TYPE":"int"},{"TBL_COLUMN":"intPasswordAdminCount","COL_TYPE":"int"},{"TBL_COLUMN":"dtCreatedOn","COL_TYPE":"datetime"},{"TBL_COLUMN":"strARBSubscriptionID","COL_TYPE":"varchar"},{"TBL_COLUMN":"dtSubscriptionStartDate","COL_TYPE":"datetime"},{"TBL_COLUMN":"strAccountGUID","COL_TYPE":"uniqueidentifier"},{"TBL_COLUMN":"bitDisplayPortalCalendarLink","COL_TYPE":"bit"},{"TBL_COLUMN":"bitDisplayLearnerCalendarlink","COL_TYPE":"bit"},{"TBL_COLUMN":"bitCertification","COL_TYPE":"bit"},{"TBL_COLUMN":"bitEnableCustomField","COL_TYPE":"bit"},{"TBL_COLUMN":"Obselete_charAllowStudentSCORMFootPrint","COL_TYPE":"char"},{"TBL_COLUMN":"bitAllowManagerToChangeUserTranscript","COL_TYPE":"bit"},{"TBL_COLUMN":"bitPreserveCertificate","COL_TYPE":"bit"},{"TBL_COLUMN":"bitSendCertificateInPDF_OLD","COL_TYPE":"bit"},{"TBL_COLUMN":"bitEnableEmailNotifications_OLD","COL_TYPE":"bit"},{"TBL_COLUMN":"intInactivateUserGracePeriod","COL_TYPE":"int"},{"TBL_COLUMN":"bitInactivateUser","COL_TYPE":"bit"},{"TBL_COLUMN":"bitEnrollMeInCourseDefaultFlag","COL_TYPE":"bit"},{"TBL_COLUMN":"bitIsEnableVolumeDiscount","COL_TYPE":"bit"},{"TBL_COLUMN":"strDefaultPage","COL_TYPE":"varchar"},{"TBL_COLUMN":"bitIsFooterEnabled","COL_TYPE":"bit"},{"TBL_COLUMN":"intMinThreshold","COL_TYPE":"int"},{"TBL_COLUMN":"intMaxThreshold","COL_TYPE":"int
"},{"TBL_COLUMN":"bitEnableAccountLockOutPolicy","COL_TYPE":"bit"},{"TBL_COLUMN":"intAccountUnLockAfterMinutes","COL_TYPE":"int"},{"TBL_COLUMN":"bitEnableAccountUnLockPolicy","COL_TYPE":"bit"},{"TBL_COLUMN":"intAccountLockoutFailedAttemptThreshold","COL_TYPE":"int"},{"TBL_COLUMN":"Obsolete_intPasswordValidForDays","COL_TYPE":"int"},{"TBL_COLUMN":"Obsolete_bitEnablePasswordExpirationPolicy","COL_TYPE":"bit"},{"TBL_COLUMN":"Obsolete_bitPasswordIncludeUpperCase","COL_TYPE":"bit"},{"TBL_COLUMN":"Obsolete_bitPasswordIncludeNumeric","COL_TYPE":"bit"},{"TBL_COLUMN":"Obsolete_bitPasswordIncludeSpecialChar","COL_TYPE":"bit"},{"TBL_COLUMN":"strOldPasswordEncrMethod","COL_TYPE":"varchar"},{"TBL_COLUMN":"charCreatedByMethod","COL_TYPE":"char"},{"TBL_COLUMN":"bitIsBrandingEnabled","COL_TYPE":"bit"},{"TBL_COLUMN":"bitSwitchToNewLC","COL_TYPE":"bit"},{"TBL_COLUMN":"strEmailRelayOption","COL_TYPE":"char"},{"TBL_COLUMN":"charAccountType","COL_TYPE":"char"},{"TBL_COLUMN":"bitIsEAEIntegration","COL_TYPE":"bit"},{"TBL_COLUMN":"charEAEReportType","COL_TYPE":"varchar"},{"TBL_COLUMN":"bitIsAppIntegration","COL_TYPE":"bit"},{"TBL_COLUMN":"bitSAMLVerificationEnable","COL_TYPE":"bit"},{"TBL_COLUMN":"bitShowCompletedCourses","COL_TYPE":"bit"},{"TBL_COLUMN":"bitIsUserMustChangePassword","COL_TYPE":"bit"},{"TBL_COLUMN":"bitIsZoltarEnable","COL_TYPE":"bit"},{"TBL_COLUMN":"bitIsSkipLearnerDashboard","COL_TYPE":"bit"},{"TBL_COLUMN":"sys_ROWVERSION","COL_TYPE":"timestamp"},{"TBL_COLUMN":"strCreatedByClient","COL_TYPE":"varchar"}]
